Name,Rename To
WorldsStrongestGamer420,R Squared
PLAYER NOT NOEL BLACK,Noel
Mai Eileen Twice,TaishouNara
Meaty Behemy II: Meatier,Meaty Behemy
XxHawkTuahxX,Marnie
Dark Nowitzki,Str8Jumpin
Devon :),Devon
Jean KuGOAT,Mx. Up
E1pheltG0d69,Ikemefuna
Supostus of the river,Supostus
konebanysGreatestSoldier,yeahokpal
Wefran,Marnie
CallMeOddity,CallMeOddity
Patchouli Punch,Marie
Bustin Cider,Heather
CallMeOddity,CallMeOddity
be at ease,Juushichi
CallMeOddity,CallMeOddity
Kaidahn,Kaidahn
Anjis Breast Milk,SlabofBeef
Braindog,BRAINDOG
t,Toastuy
Shimmy Kimmel,jaqworld
All Rush Mixtape,Kaidahn
Braindog,BRAINDOG
Warmachine,Warmachine
galaxyBrAn,GalaxyBrAn
Jon Fafnir,Creative Joke
Kaihdan,Kaidahn
XSanta_420_ClausX,Mag3r
Calvin Klein Socks,SlabofBeef
Jaqworld,jaqworld
Pierre Labia-Majora,jaqworld
CallmeOddity,CallMeOddity
CallmeOddity,CallMeOddity
Ezmarelda :o,Ezmarelda
ichi,Ichi
Ikemafuna,Ikemefuna
Truly Wobbles,Wobbles
Warmachine,Warmachine
bugerdaddy,BurgerDaddy
Callmeoddity,CallMeOddity
CallmeOddity,CallMeOddity
CallmeOddity,CallMeOddity
ceoz,CeoZ
Challenger033,Challenger33
GB_PAUL,GB_Paul
Joshua Supostus,Supostus
Kaizo,Kaizo!
Loser of last match,Dr.BOOFenshmirtz
okamu,Okamu
Oncite,oncite
philinmyself,Philnmyself
ruraljuror,Rural Juror
Simple Ditch,Flashy Git
sirlionhart,Sirlionhart
Taterthot,Heather
Truly Wobbles,Wobbles
warmacchine,Warmachine
Warmachine,Warmachine
Warmachine,Warmachine
Warmachine,Warmachine
WTFsUpDennys,WTFsUpDenny's
